title;platform;publisher;release_date;critic_score;critic_count;critic_positive;critic_mixed;critic_negative;user_score;user_count;user_positive;user_mixed;user_negative;developer;genre;players;rating;director;writer;composer;url
FIFA Soccer 2005;;EA Sports;Oct 12, 2004;;;;;;5.0;1;1;0;0;EA Canada;Sports, Traditional, Soccer, Sim;1-2;E;;;;https://www.metacritic.com/game/playstation/fifa-soccer-2005
Madden NFL 2005;;EA Sports;Sep  7, 2004;;;;;;7.6;3;3;0;0;EA Tiburon;;;;;;;https://www.metacritic.com/game/playstation/madden-nfl-2005
MLB 2005;;SCEA;Mar  4, 2004;;;;;;9.1;3;2;1;0;989 Sports;;;;;;;https://www.metacritic.com/game/playstation/mlb-2005
FIFA Soccer 2004;;EA Sports;Nov  4, 2003;;;;;;7.1;7;6;0;1;EA Sports;;;;;;;https://www.metacritic.com/game/playstation/fifa-soccer-2004
NFL GameDay 2004;;SCEA;Sep 13, 2003;;;;;;7.5;1;0;0;1;989 Sports;;;;;;;https://www.metacritic.com/game/playstation/nfl-gameday-2004
Madden NFL 2004;;EA Sports;Aug 12, 2003;;;;;;8.9;18;16;1;1;BudCat;Sports, Traditional, Football, Sim;1-2;E;;;;https://www.metacritic.com/game/playstation/madden-nfl-2004
MLB 2004;;989 Sports;Apr 30, 2003;68;4;1;3;0;tbd;1;1;0;0;989 Sports;Sports, Traditional, Baseball, Sim;1-2;E;;;;https://www.metacritic.com/game/playstation/mlb-2004
Patriotic Pinball;;Gotham Games;Apr 22, 2003;;;;;;tbd;1;1;0;0;Wildfire Studios;;;;;;;https://www.metacritic.com/game/playstation/patriotic-pinball
Inuyasha: A Feudal Fairy Tale;;Bandai;Apr 10, 2003;69;5;3;2;0;8.7;61;52;7;2;Dimps Corporation;Action, Fighting, 2D;1-2;T;;;;https://www.metacritic.com/game/playstation/inuyasha-a-feudal-fairy-tale
Final Fantasy Origins;;Square Enix;Apr  8, 2003;79;21;15;6;0;8.7;32;28;4;0;TOSE;Role-Playing, Console-style RPG;1 Player;T;Kazuhiko Yoshioka, Hideshi Kyonen, Katsuyoshi Kawahara;;;https://www.metacritic.com/game/playstation/final-fantasy-origins
Dragon Ball Z: Ultimate Battle 22;;Atari;Mar 25, 2003;25;9;0;2;7;5.0;25;8;4;13;Bandai;Action, Fighting, 2D;1-2;T;;;;https://www.metacritic.com/game/playstation/dragon-ball-z-ultimate-battle-22
E.T. Interplanetary Mission;;NewKidCo;Dec 30, 2002;50;4;2;1;1;3.0;1;0;1;0;Santa Cruz Games;Action, Platformer, 3D;1 Player;E;;;;https://www.metacritic.com/game/playstation/et-interplanetary-mission
Harry Potter and the Chamber of Secrets;;EA Games;Nov 14, 2002;;;;;;8.5;19;16;1;2;Argonaut Games;;;;;;;https://www.metacritic.com/game/playstation/harry-potter-and-the-chamber-of-secrets
Disney's Treasure Planet;;SCEA;Nov 11, 2002;44;5;0;3;2;5.3;3;1;1;1;Magenta Software;Action, Platformer, 3D;1 Player;E;;;;https://www.metacritic.com/game/playstation/disneys-treasure-planet
FIFA Soccer 2003;;EA Sports;Nov 11, 2002;;;;;;6.4;8;6;0;2;EA Canada;;;;;;;https://www.metacritic.com/game/playstation/fifa-soccer-2003
Tony Hawk's Pro Skater 4;;Activision;Oct 23, 2002;;;;;;8.2;21;15;4;2;Vicarious Visions;Sports, Alternative, Skateboarding;1-2;E;;;;https://www.metacritic.com/game/playstation/tony-hawks-pro-skater-4
NBA Live 2003;;Electronic Arts;Oct  8, 2002;;;;;;8.5;7;5;2;0;EA Canada;;;;;;;https://www.metacritic.com/game/playstation/nba-live-2003
NBA ShootOut 2003;;989 Studios;Sep 29, 2002;;;;;;2.2;4;1;0;3;989 Studios;;;;;;;https://www.metacritic.com/game/playstation/nba-shootout-2003
NASCAR Thunder 2003;;Electronic Arts;Sep 19, 2002;;;;;;7.7;7;7;0;0;BudCat;;;;;;;https://www.metacritic.com/game/playstation/nascar-thunder-2003
Capcom vs. SNK Pro;;Capcom;Aug 14, 2002;74;10;5;5;0;8.5;16;14;2;0;Klein Computer Entertainment;Action, Fighting, 2D;1-2;T;;;;https://www.metacritic.com/game/playstation/capcom-vs-snk-pro
Madden NFL 2003;;EA Sports;Aug 13, 2002;;;;;;8.6;5;5;0;0;EA Sports;;;;;;;https://www.metacritic.com/game/playstation/madden-nfl-2003
NFL GameDay 2003;;SCEA;Aug 13, 2002;61;4;0;4;0;tbd;2;1;1;0;989 Sports;;;;;;;https://www.metacritic.com/game/playstation/nfl-gameday-2003
C-12: Final Resistance;;SCEA;Jul 22, 2002;63;12;4;7;1;8.6;10;7;3;0;SCE Studio Cambridge;Action, Shooter, Third-Person, Sci-Fi;1 Player;T;;;;https://www.metacritic.com/game/playstation/c-12-final-resistance
Stuart Little 2;;SCEA;Jul 17, 2002;62;7;1;6;0;7.6;2;1;1;0;Magenta Software;Action, Platformer, 3D;1 Player;E;;;;https://www.metacritic.com/game/playstation/stuart-little-2
Gundam Battle Assault 2;;Bandai;Jul 17, 2002;80;4;4;0;0;8.5;11;10;1;0;Natsume;Action, Fighting, 2D;1-2;T;Misuo Matsunoto;;;https://www.metacritic.com/game/playstation/gundam-battle-assault-2
Delta Force: Urban Warfare;;NovaLogic;Jul  2, 2002;70;5;2;3;0;8.3;12;11;0;1;Rebellion;Action, Shooter, First-Person, Tactical, Modern;1 Player;T;;;;https://www.metacritic.com/game/playstation/delta-force-urban-warfare
MLB 2003;;SCEA;Jun 17, 2002;78;7;6;1;0;7.9;8;7;0;1;989 Sports;Sports, Traditional, Baseball, Arcade;1-2;E;;;;https://www.metacritic.com/game/playstation/mlb-2003
Super Shot Soccer;;Tecmo;Jun 14, 2002;70;6;2;4;0;6.4;0;0;0;0;Tecmo;Sports, Traditional, Soccer, Arcade;1-2;E;Hiroshi Nishizawa;;;https://www.metacritic.com/game/playstation/super-shot-soccer
Disney's Lilo & Stitch;;SCEA;Jun 14, 2002;54;7;1;4;2;7.1;4;4;0;0;Blitz Games;Action, Platformer, 3D;1 Player;E;;;;https://www.metacritic.com/game/playstation/disneys-lilo-stitch
Digimon World 3;;Bandai;Jun  5, 2002;47;6;0;3;3;8.4;99;84;9;6;Boom;Role-Playing, Console-style RPG;1 Player;E;;;;https://www.metacritic.com/game/playstation/digimon-world-3
Creatures;;Conspiracy Entertainment;May 18, 2002;43;4;1;2;1;7.0;5;2;2;1;Creature Labs;Strategy, Breeding/Constructing;1 Player;E;;;;https://www.metacritic.com/game/playstation/creatures
Power Play: Sports Trivia;;Ubisoft;May  6, 2002;;;;;;8.3;0;0;0;0;Starsphere Interactive;Miscellaneous, Trivia / Game Show;1-4;E;;;;https://www.metacritic.com/game/playstation/power-play-sports-trivia
Big Bass Fishing;;Take-Two Interactive;May  2, 2002;;;;;;7.2;4;2;0;2;Coresoft;Sports, Nature, Fishing;1 Player;E;;;;https://www.metacritic.com/game/playstation/big-bass-fishing
2002 FIFA World Cup;;EA Sports;Apr 30, 2002;;;;;;4.3;10;1;2;7;EA Sports;Sports, Traditional, Soccer, Sim;1-4;E;;;;https://www.metacritic.com/game/playstation/2002-fifa-world-cup
Dance Dance Revolution Konamix;;Konami;Apr 25, 2002;84;13;12;1;0;8.4;11;11;0;0;Konami;Miscellaneous, Rhythm, Dancing;1-2;E;;;;https://www.metacritic.com/game/playstation/dance-dance-revolution-konamix
Arc the Lad Collection;;Working Designs;Apr 18, 2002;78;14;10;4;0;8.8;10;10;0;0;ARC Entertainment;Miscellaneous, Compilation;1-2;T;Kou Satou;;Masahiro Andoh;https://www.metacritic.com/game/playstation/arc-the-lad-collection
Rayman Rush;;Ubisoft;Mar 26, 2002;62;5;1;3;1;6.1;3;1;2;0;Ubisoft Shanghai;Miscellaneous, Party;1-2;E;;;;https://www.metacritic.com/game/playstation/rayman-rush
Hooters Road Trip;;Ubisoft;Mar 26, 2002;30;6;0;0;6;0.4;4;0;0;4;Hoplite Research;Driving, Mission-based;1 Player;T;;;;https://www.metacritic.com/game/playstation/hooters-road-trip
Yu-Gi-Oh! Forbidden Memories;;Konami;Mar 20, 2002;57;6;0;5;1;8.6;157;124;22;11;KCEJ;Miscellaneous, Card Battle;1-2;E;;;;https://www.metacritic.com/game/playstation/yu-gi-oh!-forbidden-memories
Digimon Rumble Arena;;Bandai;Feb 24, 2002;64;5;1;4;0;8.7;31;28;2;1;Bandai;Action, Fighting, 2D;1-2;E;;;;https://www.metacritic.com/game/playstation/digimon-rumble-arena
Peter Pan in Disney's Return to Neverland;;SCEA;Feb 14, 2002;59;5;1;3;1;5.5;3;2;0;1;Doki Denki;Action, Platformer, 2D;1 Player;E;;;;https://www.metacritic.com/game/playstation/peter-pan-in-disneys-return-to-neverland
Hoshigami: Ruining Blue Earth;;Atlus Co.;Dec 20, 2001;62;9;3;5;1;8.7;19;17;0;2;Max Five;Strategy, Turn-Based, Fantasy;1 Player;E;;;;https://www.metacritic.com/game/playstation/hoshigami-ruining-blue-earth
Mega Man X6;;Capcom;Dec  4, 2001;65;14;6;5;3;6.8;18;6;5;7;Capcom;Action, Platformer, 2D;1 Player;E;OHKOOMI 16;;;https://www.metacritic.com/game/playstation/mega-man-x6
Gunfighter: The Legend of Jesse James;;Ubisoft;Nov 30, 2001;55;7;0;6;1;tbd;2;0;2;0;Rebellion;Action, Shooter, Light Gun;1 Player;T;;;;https://www.metacritic.com/game/playstation/gunfighter-the-legend-of-jesse-james
Twisted Metal Small Brawl;;SCEA;Nov 26, 2001;51;14;1;7;6;7.4;33;20;7;6;Incognito Inc.;Driving, Car Combat;1-2;T;;;;https://www.metacritic.com/game/playstation/twisted-metal-small-brawl
IHRA Drag Racing;;Bethesda Softworks;Nov 20, 2001;;;;;;6.3;4;2;2;0;Digital Dialect;;;;;;;https://www.metacritic.com/game/playstation/ihra-drag-racing
Harry Potter and the Sorcerer's Stone;;Electronic Arts;Nov 15, 2001;64;11;4;6;1;7.5;17;11;5;1;Argonaut Games;Action Adventure, Fantasy;1 Player;E;;;;https://www.metacritic.com/game/playstation/harry-potter-and-the-sorcerers-stone
The Powerpuff Girls: Chemical X-Traction;;Bam Entertainment;Nov  8, 2001;30;6;0;2;4;tbd;1;1;0;0;VIS Entertainment;Action, General;1-2;E;;;;https://www.metacritic.com/game/playstation/the-powerpuff-girls-chemical-x-traction
Syphon Filter 3;;SCEA;Nov  5, 2001;73;19;9;9;1;8.5;9;8;1;0;Sony Bend;Action, Shooter, Third-Person, Modern;1-2;M;;;;https://www.metacritic.com/game/playstation/syphon-filter-3
Martian Gothic: Unification;;Take-Two Interactive;Nov  4, 2001;64;4;1;3;0;6.7;8;1;5;2;Coyote Developments;Adventure, Third-Person, Sci-Fi;1 Player;M;;;;https://www.metacritic.com/game/playstation/martian-gothic-unification
FIFA Soccer 2002;;EA Sports;Nov  1, 2001;81;8;6;2;0;4.7;0;0;0;0;EA Sports;;;;;;;https://www.metacritic.com/game/playstation/fifa-soccer-2002
Men in Black - The Series: Crashdown;;Infogrames;Nov  1, 2001;59;7;2;4;1;5.8;2;1;0;1;Runecraft;Action, General;1 Player;T;;;;https://www.metacritic.com/game/playstation/men-in-black---the-series-crashdown
Dragon Warrior VII;;Enix Corporation;Oct 31, 2001;78;15;11;4;0;8.3;10;10;0;0;Heart Beat;Role-Playing, Console-style RPG;1 Player;T;;;;https://www.metacritic.com/game/playstation/dragon-warrior-vii
Monsters, Inc. Scream Team;;SCEA;Oct 30, 2001;65;10;4;6;0;6.9;1;1;0;0;Artificial Mind and Movement;Action, General;1 Player;E;;;;https://www.metacritic.com/game/playstation/monsters-inc-scream-team
NBA Live 2002;;Electronic Arts;Oct 30, 2001;81;6;4;2;0;8.6;4;3;0;1;EA Canada;Sports, Traditional, Basketball, Sim;1-8;E;;;;https://www.metacritic.com/game/playstation/nba-live-2002
Tony Hawk's Pro Skater 3;;Activision;Oct 29, 2001;87;10;8;2;0;8.1;17;14;2;1;Shaba Games;Sports, Alternative, Skateboarding;1-2;E;;;;https://www.metacritic.com/game/playstation/tony-hawks-pro-skater-3
Putter Golf;;Agetec Inc.;Oct 24, 2001;;;;;;tbd;1;0;0;1;Amedio;Sports, Traditional, Golf, Arcade;1-4;E;;;;https://www.metacritic.com/game/playstation/putter-golf
Pipe Dreams 3D;;Empire Interactive;Oct 23, 2001;;;;;;tbd;;;;;Sick Puppies;Miscellaneous, Puzzle, General;1 Player;E;;;;https://www.metacritic.com/game/playstation/pipe-dreams-3d
Spider-Man 2: Enter: Electro;;Activision;Oct 19, 2001;74;15;9;5;1;8.4;11;8;2;1;Vicarious Visions;Action Adventure, Sci-Fi;1 Player;E;;;;https://www.metacritic.com/game/playstation/spider-man-2-enter-electro
Castlevania Chronicles;;Konami;Oct  8, 2001;69;16;5;10;1;6.6;3;3;0;0;Konami;Action, Platformer, 2D;1 Player;T;Masayuki Umasaki;;;https://www.metacritic.com/game/playstation/castlevania-chronicles
Scooby-Doo and the Cyber Chase;;THQ;Oct  4, 2001;;;;;;7.6;3;2;1;0;Art;Adventure, General;1 Player;E;;;;https://www.metacritic.com/game/playstation/scooby-doo-and-the-cyber-chase
NASCAR Thunder 2002;;EA Sports;Oct  2, 2001;69;8;4;3;1;6.9;6;4;0;2;Black Box;;;;;;;https://www.metacritic.com/game/playstation/nascar-thunder-2002
Hot Wheels Extreme Racing;;THQ;Sep 30, 2001;53;5;0;4;1;tbd;2;0;1;1;Atod AB;Driving, Racing, Arcade;1-4;E;;;;https://www.metacritic.com/game/playstation/hot-wheels-extreme-racing
One Piece Mansion;;Capcom;Sep 30, 2001;62;12;2;7;3;tbd;1;1;0;0;Capcom;Action, General;1 Player;E;;;;https://www.metacritic.com/game/playstation/one-piece-mansion
Backyard Soccer;;Infogrames;Sep 28, 2001;;;;;;tbd;;;;;Humongous Entertainment;Sports, Traditional, Soccer, Arcade;1-4;E;;;;https://www.metacritic.com/game/playstation/backyard-soccer
Looney Tunes: Sheep Raider;;Infogrames;Sep 27, 2001;72;12;8;4;0;8.8;7;7;0;0;Infogrames;;;;;;;https://www.metacritic.com/game/playstation/looney-tunes-sheep-raider
The Weakest Link;;Activision;Sep 24, 2001;63;7;1;5;1;7.2;4;3;1;0;Activision, Traveller's Tales;;;;;;;https://www.metacritic.com/game/playstation/the-weakest-link
X-Men: Mutant Academy 2;;Activision;Sep 17, 2001;72;12;6;6;0;8.5;5;4;1;0;Paradox Development;Action, Fighting, 3D;1-2;T;;;;https://www.metacritic.com/game/playstation/x-men-mutant-academy-2
Dance Dance Revolution Disney Mix;;Konami;Sep 17, 2001;74;7;5;2;0;8.3;11;10;0;1;Konami;Miscellaneous, Rhythm, Dancing;1-2;E;;;;https://www.metacritic.com/game/playstation/dance-dance-revolution-disney-mix
Tales of Destiny II;;Namco;Sep 10, 2001;78;9;6;3;0;8.4;8;7;1;0;Namco;Role-Playing, Console-style RPG;1 Player;T;Eiji kikuchi;;;https://www.metacritic.com/game/playstation/tales-of-destiny-ii
NBA ShootOut 2002;;SCEA;Sep  1, 2001;53;10;0;7;3;tbd;0;0;0;0;989 Sports;;;;;;;https://www.metacritic.com/game/playstation/nba-shootout-2002
Saiyuki: Journey West;;Koei;Aug 13, 2001;73;9;7;1;1;7.1;2;1;1;0;Koei;Strategy, Turn-Based, Historic;1 Player;E;;;;https://www.metacritic.com/game/playstation/saiyuki-journey-west
Madden NFL 2002;;EA Sports;Aug 13, 2001;88;9;8;1;0;8.0;6;5;0;1;EA Sports;;;;;;;https://www.metacritic.com/game/playstation/madden-nfl-2002
NFL GameDay 2002;;SCEA;Aug  6, 2001;62;10;4;2;4;8.8;2;2;0;0;989 Sports;Sports, Traditional, Football, Sim;1-8;E;;;;https://www.metacritic.com/game/playstation/nfl-gameday-2002
Motocross Mania;;Take-Two Interactive;Jul  9, 2001;34;6;0;3;3;5.3;3;2;1;0;Deibus Studios;Driving, Racing, Motorcycle, Motocross;1-2;E;;;;https://www.metacritic.com/game/playstation/motocross-mania
Final Fantasy Chronicles;;Square EA;Jun 29, 2001;89;15;15;0;0;9.1;12;12;0;0;TOSE;Role-Playing, Console-style RPG;1-2;T;;;;https://www.metacritic.com/game/playstation/final-fantasy-chronicles
Digimon Digital Card Battle;;Bandai;Jun 28, 2001;51;5;0;4;1;8.8;26;24;0;2;Bandai;Miscellaneous, Card Battle;1-2;T;;;;https://www.metacritic.com/game/playstation/digimon-digital-card-battle
Spec Ops: Covert Assault;;Take-Two Interactive;Jun 28, 2001;;;;;;tbd;0;0;0;0;Runecraft;Action, Shooter, Third-Person, Tactical, Modern;1-2;T;;;;https://www.metacritic.com/game/playstation/spec-ops-covert-assault
Time Crisis: Project Titan;;Namco;Jun 20, 2001;71;13;4;9;0;6.9;4;3;1;0;Flying Tiger Development;Action, Shooter, Light Gun;1 Player;T;;;;https://www.metacritic.com/game/playstation/time-crisis-project-titan
Alone in the Dark: The New Nightmare;;Infogrames;Jun 18, 2001;77;15;11;4;0;8.2;9;6;3;0;Darkworks;Action Adventure, Horror;1 Player;M;;;;https://www.metacritic.com/game/playstation/alone-in-the-dark-the-new-nightmare
Disney's Atlantis: The Lost Empire;;SCEA;Jun 14, 2001;73;7;3;4;0;8.7;1;1;0;0;Eurocom Entertainment Software;Adventure, General;1 Player;E;;;;https://www.metacritic.com/game/playstation/disneys-atlantis-the-lost-empire
Who Wants to Be a Millionaire 3rd Edition;;SCEA;Jun 11, 2001;50;6;1;3;2;5.3;5;2;0;3;Jellyvision;Miscellaneous, Trivia / Game Show;1-2;E;;;;https://www.metacritic.com/game/playstation/who-wants-to-be-a-millionaire-3rd-edition
World's Scariest Police Chases;;Activision;May 21, 2001;54;16;2;11;3;6.7;1;1;0;0;UDS;Driving, Mission-based;1-2;T;;;;https://www.metacritic.com/game/playstation/worlds-scariest-police-chases
Dave Mirra Freestyle BMX: Maximum Remix;;Acclaim;May 21, 2001;67;11;5;6;0;8.1;5;5;0;0;Z-Axis, Ltd.;;;;;;;https://www.metacritic.com/game/playstation/dave-mirra-freestyle-bmx-maximum-remix
Digimon World 2;;Bandai;May 19, 2001;42;5;0;2;3;7.6;15;7;2;6;Bandai;Role-Playing, General;1-2;E;;;;https://www.metacritic.com/game/playstation/digimon-world-2
Point Blank 3;;Namco;May 16, 2001;78;5;3;2;0;8.6;3;2;1;0;Tose Software;Action, Shooter, Light Gun;1-2;T;;;;https://www.metacritic.com/game/playstation/point-blank-3
Mat Hoffman's Pro BMX;;Activision;May 14, 2001;80;15;14;1;0;8.8;4;3;1;0;Shaba Games;Sports, Alternative, Biking;1-2;E;;;;https://www.metacritic.com/game/playstation/mat-hoffmans-pro-bmx
Dance Dance Revolution;;Konami;May  9, 2001;90;8;8;0;0;8.4;67;63;2;2;Konami;Miscellaneous, Rhythm, Dancing;1-2;E;Hirotaka Ishikawa;;;https://www.metacritic.com/game/playstation/dance-dance-revolution
MLB 2002;;SCEA;May  7, 2001;76;5;3;2;0;8.1;6;5;0;1;989 Sports;;;;;;;https://www.metacritic.com/game/playstation/mlb-2002
Spec Ops: Ranger Elite;;Take-Two Interactive;Apr 29, 2001;48;4;0;1;3;6.8;5;5;0;0;Runecraft;Action, Shooter, Third-Person, Tactical, Modern;1-2;T;;;;https://www.metacritic.com/game/playstation/spec-ops-ranger-elite
KISS Pinball;;Take-Two Interactive;Apr 25, 2001;26;7;0;2;5;3.8;5;3;0;2;Wildfire Studios;Miscellaneous, Parlor, Pinball;1 Player;T;;;;https://www.metacritic.com/game/playstation/kiss-pinball
The King of Fighters '99;;Agetec Inc.;Apr 22, 2001;;;;;;8.8;26;25;1;0;SNK;Action, Fighting, 2D;1-2;T;;;;https://www.metacritic.com/game/playstation/the-king-of-fighters-99
Metal Slug X;;Agetec Inc.;Apr 14, 2001;85;9;8;1;0;8.7;8;8;0;0;ProSoft;Action, Shooter, Scrolling;1-2;T;;;;https://www.metacritic.com/game/playstation/metal-slug-x
The Simpsons Wrestling;;Activision;Apr 12, 2001;32;15;2;2;11;5.5;11;4;4;3;Big Ape Productions;Action, Fighting, Wrestling;1-2;T;;;;https://www.metacritic.com/game/playstation/the-simpsons-wrestling
Smurf Racer!;;Infogrames;Apr  1, 2001;52;6;1;3;2;tbd;1;1;0;0;Artificial Mind and Movement;;;;;;;https://www.metacritic.com/game/playstation/smurf-racer!
V.I.P.;;Ubisoft;Apr  1, 2001;33;5;1;0;4;5.2;4;3;0;1;Ubisoft Shanghai;;;;Jean-Michel Tari;;;https://www.metacritic.com/game/playstation/vip
MTV Sports: T.J. Lavin's Ultimate BMX;;THQ;Mar 27, 2001;47;8;1;3;4;tbd;1;0;0;1;Blue Shift;;;;;;;https://www.metacritic.com/game/playstation/mtv-sports-tj-lavins-ultimate-bmx
Strikers 1945;;Agetec Inc.;Mar 27, 2001;63;5;1;4;0;8.2;2;2;0;0;Psikyo;Action, Shooter, Scrolling;1-2;E;;;;https://www.metacritic.com/game/playstation/strikers-1945
Disney's Aladdin in Nasira's Revenge;;SCEA;Mar 15, 2001;61;11;2;8;1;6.7;2;0;2;0;Argonaut Games;Action, General;1 Player;E;;;;https://www.metacritic.com/game/playstation/disneys-aladdin-in-nasiras-revenge
High Heat Major League Baseball 2002;;3DO;Mar 14, 2001;66;6;2;3;1;tbd;1;0;1;0;3DO;;;;;;;https://www.metacritic.com/game/playstation/high-heat-major-league-baseball-2002
Triple Play Baseball;;EA Sports;Mar 12, 2001;76;8;4;4;0;8.3;3;2;1;0;EA Sports;;;;;;;https://www.metacritic.com/game/playstation/triple-play-baseball
Ford Racing;;Empire Interactive;Mar  6, 2001;53;4;1;1;2;5.8;3;2;0;1;Toolbox Design;Driving, Racing, GT / Street;1-2;E;;;;https://www.metacritic.com/game/playstation/ford-racing
Toy Story Racer;;Activision;Mar  5, 2001;76;8;5;3;0;8.3;4;3;1;0;Traveller's Tales;;;;;;;https://www.metacritic.com/game/playstation/toy-story-racer
Fear Effect 2: Retro Helix;;Eidos Interactive;Feb 21, 2001;84;15;13;1;1;8.2;4;3;0;1;Kronos Digital Entertainment;Action Adventure, Horror;1 Player;M;;;;https://www.metacritic.com/game/playstation/fear-effect-2-retro-helix
NBA Hoopz;;Midway;Feb 12, 2001;;;;;;tbd;1;1;0;0;Eurocom Entertainment Software;;;;;;;https://www.metacritic.com/game/playstation/nba-hoopz
Vanishing Point;;Acclaim;Feb  5, 2001;68;11;4;5;2;tbd;1;1;0;0;Clockwork Games;;;;;;;https://www.metacritic.com/game/playstation/vanishing-point
Mega Man X5;;Capcom;Feb  1, 2001;76;10;6;4;0;8.8;27;23;3;1;Capcom;Action, Platformer, 2D;1 Player;E;;;;https://www.metacritic.com/game/playstation/mega-man-x5
Championship Motocross 2001 Featuring Ricky Carmichael;;THQ;Jan 30, 2001;70;8;5;2;1;tbd;0;0;0;0;Funcom;;;;;;;https://www.metacritic.com/game/playstation/championship-motocross-2001-featuring-ricky-carmichael
Darkstone;;Take-Two Interactive;Jan 28, 2001;58;10;2;5;3;8.1;6;3;1;2;Delphine Software International;Role-Playing, Action RPG;1 Player;T;;;;https://www.metacritic.com/game/playstation/darkstone
Ducati World Racing Challenge;;Acclaim;Jan  2, 2001;68;7;3;4;0;tbd;;;;;Attention To Detail;;;;;;;https://www.metacritic.com/game/playstation/ducati-world-racing-challenge
Persona 2: Eternal Punishment;;Atlus Co.;Dec 22, 2000;83;11;10;1;0;3.0;4;4;0;0;Atlus Co.;Role-Playing, Console-style RPG;1 Player;T;;;;https://www.metacritic.com/game/playstation/persona-2-eternal-punishment
Disney's The Lion King: Simba's Mighty Adventure;;Activision;Dec 22, 2000;30;5;0;1;4;7.5;3;2;1;0;Paradox Development;;;;;;;https://www.metacritic.com/game/playstation/disneys-the-lion-king-simbas-mighty-adventure
Gold and Glory:  The Road to El Dorado;;Ubisoft;Dec 19, 2000;34;4;0;0;4;tbd;0;0;0;0;Revolution Software;;;;;;;https://www.metacritic.com/game/playstation/gold-and-glory-the-road-to-el-dorado
Contender 2;;Bam Entertainment;Dec 19, 2000;;;;;;tbd;0;0;0;0;Bam Entertainment;Sports, Traditional, Boxing;1-2;T;;;;https://www.metacritic.com/game/playstation/contender-2
Lunar 2: Eternal Blue Complete;;Working Designs;Dec 15, 2000;86;12;11;1;0;9.1;9;8;1;0;Game Arts;Role-Playing, Console-style RPG;;T;;;;https://www.metacritic.com/game/playstation/lunar-2-eternal-blue-complete
Razor Freestyle Scooter;;Crave;Dec 11, 2000;65;11;3;6;2;tbd;1;1;0;0;Shaba Games;;;;;;;https://www.metacritic.com/game/playstation/razor-freestyle-scooter
NCAA March Madness 2001;;EA Sports;Dec  6, 2000;71;9;5;4;0;tbd;0;0;0;0;Black Ops Entertainment;;;;;;;https://www.metacritic.com/game/playstation/ncaa-march-madness-2001
Colin McRae Rally 2.0;;Codemasters;Dec  5, 2000;90;13;12;1;0;8.2;4;4;0;0;Codemasters;Driving, Racing, Rally / Offroad;1-2;E;;;;https://www.metacritic.com/game/playstation/colin-mcrae-rally-20
Evil Dead: Hail to the King;;THQ;Dec  4, 2000;51;8;0;5;3;5.7;3;1;0;2;Heavy Iron Studios;Action Adventure, Horror;1 Player;M;;;;https://www.metacritic.com/game/playstation/evil-dead-hail-to-the-king
Championship Surfer;;Mattel;Dec  4, 2000;57;5;0;2;3;tbd;1;1;0;0;Krome Studios;;;;;;;https://www.metacritic.com/game/playstation/championship-surfer
The Mummy;;Konami;Nov 30, 2000;55;5;0;4;1;6.5;2;1;0;1;Rebellion;Action, General;1 Player;T;;;;https://www.metacritic.com/game/playstation/the-mummy
Breath of Fire IV;;Capcom;Nov 28, 2000;83;10;9;1;0;8.9;14;11;2;1;Capcom;Role-Playing, Console-style RPG;1 Player;T;;;Yoshino Aoki;https://www.metacritic.com/game/playstation/breath-of-fire-iv
Bugs Bunny & Taz: Time Busters;;Infogrames;Nov 24, 2000;72;5;3;2;0;8.3;10;8;2;0;Artificial Mind and Movement;;;;;;;https://www.metacritic.com/game/playstation/bugs-bunny-taz-time-busters
Blade;;Activision;Nov 23, 2000;51;11;2;2;7;8.7;3;2;1;0;Hammerhead;Action Adventure, Horror;1 Player;M;;;;https://www.metacritic.com/game/playstation/blade
Harvest Moon: Back To Nature;;Natsume;Nov 22, 2000;82;6;5;1;0;8.9;30;30;0;0;Victor Interactive Software;Strategy, Breeding/Constructing;1 Player;E;Masayuki Kisaki, Teru Kurouta, Rouge Kaizuki, Magoichi Oritake;;Miyuki Homareda;https://www.metacritic.com/game/playstation/harvest-moon-back-to-nature
Army Men: Sarge's Heroes 2;;3DO;Nov 21, 2000;48;8;1;3;4;7.1;2;1;1;0;3DO;Action, General;1-2;T;;;;https://www.metacritic.com/game/playstation/army-men-sarges-heroes-2
Supercross;;EA Sports;Nov 21, 2000;73;7;3;4;0;tbd;;;;;Page 44 Studios;;;;;;;https://www.metacritic.com/game/playstation/supercross
WWF SmackDown! 2: Know Your Role;;THQ;Nov 21, 2000;90;15;15;0;0;8.3;13;12;1;0;Yuke's;Action, Fighting, Wrestling;1-4;T;;;;https://www.metacritic.com/game/playstation/wwf-smackdown!-2-know-your-role
Batman Beyond: Return of the Joker;;Kemco;Nov 20, 2000;;;;;;3.8;0;0;0;0;Kemco;;;;;;;https://www.metacritic.com/game/playstation/batman-beyond-return-of-the-joker
HBO Boxing;;Acclaim;Nov 20, 2000;26;7;0;2;5;4.0;0;0;0;0;Osiris Studios;;;;;;;https://www.metacritic.com/game/playstation/hbo-boxing
007 Racing;;Electronic Arts;Nov 20, 2000;51;16;1;9;6;4.7;2;0;0;2;Eutechnyx;;;;;;;https://www.metacritic.com/game/playstation/007-racing
Torneko:  The Last Hope;;Enix Corporation;Nov 15, 2000;66;5;1;3;1;tbd;0;0;0;0;Matrix Software;Role-Playing, Console-style RPG;1 Player;T;;;;https://www.metacritic.com/game/playstation/torneko-the-last-hope
Disney's Donald Duck: Goin' Quackers;;Ubisoft;Nov 14, 2000;65;4;1;3;0;7.8;2;1;1;0;Ubisoft Shanghai;;;;;;;https://www.metacritic.com/game/playstation/disneys-donald-duck-goin-quackers
FIFA 2001 Major League Soccer;;EA Sports;Nov 14, 2000;85;10;9;1;0;7.8;4;2;1;1;EA Sports;;;;;;;https://www.metacritic.com/game/playstation/fifa-2001-major-league-soccer
Final Fantasy IX;;Square EA;Nov 13, 2000;94;22;21;1;0;9.1;183;160;13;10;SquareSoft;Role-Playing, Console-style RPG;1 Player;T;Hiroyuki Itou;;;https://www.metacritic.com/game/playstation/final-fantasy-ix
Power Spike Pro Beach Volleyball;;Infogrames;Nov 13, 2000;48;10;0;6;4;tbd;1;0;0;1;Carapace;;;;;;;https://www.metacritic.com/game/playstation/power-spike-pro-beach-volleyball
Chicken Run;;Eidos Interactive;Nov 13, 2000;75;7;4;3;0;6.6;2;1;1;0;Blitz Games;Action, General;1 Player;E;;;;https://www.metacritic.com/game/playstation/chicken-run
Tiger Woods PGA Tour Golf;;EA Sports;Nov 13, 2000;65;7;1;6;0;tbd;;;;;EA Sports;;;;;;;https://www.metacritic.com/game/playstation/tiger-woods-pga-tour-golf
Ultimate Fighting Championship;;Crave;Nov 13, 2000;53;6;1;4;1;7.4;8;4;3;1;Opus;Action, Fighting, 3D;1-2;T;;;;https://www.metacritic.com/game/playstation/ultimate-fighting-championship
Looney Tunes Racing;;Infogrames;Nov 13, 2000;71;11;6;4;1;tbd;1;1;0;0;Circus Freak;;;;;;;https://www.metacritic.com/game/playstation/looney-tunes-racing
Disney's The Emperor's New Groove;;SCEA;Nov 13, 2000;66;8;4;3;1;7.6;1;0;1;0;Disney Interactive;Action, General;1 Player;E;;;;https://www.metacritic.com/game/playstation/disneys-the-emperors-new-groove
NCAA Final Four 2001;;SCEA;Nov 13, 2000;55;7;0;6;1;tbd;;;;;989 Sports;;;;;;;https://www.metacritic.com/game/playstation/ncaa-final-four-2001
Driver 2;;Infogrames;Nov 13, 2000;62;14;7;5;2;7.8;35;25;9;1;Reflections Interactive;Driving, Mission-based;1-2;T;;;;https://www.metacritic.com/game/playstation/driver-2
Star Wars: Demolition;;LucasArts;Nov 12, 2000;63;11;3;7;1;7.0;2;1;1;0;Luxoflux, Inc.;;;;;;;https://www.metacritic.com/game/playstation/star-wars-demolition
RC de GO!;;Acclaim;Nov  9, 2000;80;5;4;1;0;tbd;0;0;0;0;Taito Corporation;Driving, Racing, Arcade;1 Player;E;;;;https://www.metacritic.com/game/playstation/rc-de-go!
Ready 2 Rumble Boxing: Round 2;;Midway;Nov  9, 2000;68;5;0;5;0;tbd;0;0;0;0;Point of View;;;;;;;https://www.metacritic.com/game/playstation/ready-2-rumble-boxing-round-2
Disney's 102 Dalmatians: Puppies to the Rescue;;Eidos Interactive;Nov  8, 2000;;;;;;7.6;1;1;0;0;Toys for Bob;;;;;;;https://www.metacritic.com/game/playstation/disneys-102-dalmatians-puppies-to-the-rescue
The Dukes of Hazzard II: Daisy Dukes It Out;;SouthPeak Games;Nov  7, 2000;53;5;0;3;2;tbd;1;1;0;0;Sinister Games;;;;;;;https://www.metacritic.com/game/playstation/the-dukes-of-hazzard-ii-daisy-dukes-it-out
Sheep;;Empire Interactive;Nov  6, 2000;71;6;3;3;0;tbd;1;1;0;0;Minds-Eye Productions;Strategy, General;1-2;E;;;;https://www.metacritic.com/game/playstation/sheep
007: The World is not Enough;;Electronic Arts;Nov  6, 2000;61;11;4;7;0;6.8;25;13;6;6;Black Ops Entertainment;;;;;;;https://www.metacritic.com/game/playstation/007-the-world-is-not-enough
Incredible Crisis;;Titus Software;Nov  6, 2000;80;11;8;3;0;7.5;4;1;3;0;Polygon Magic;Action, General;1-2;T;;;;https://www.metacritic.com/game/playstation/incredible-crisis
NASCAR Heat;;Hasbro Interactive;Nov  6, 2000;62;5;2;2;1;tbd;2;1;0;1;Monster Games Inc.;;;;;;;https://www.metacritic.com/game/playstation/nascar-heat
Gundam: Battle Assault;;Bandai;Nov  6, 2000;61;4;1;3;0;7.6;1;0;1;0;Natsume;Action, Fighting, 2D;1-2;T;;;;https://www.metacritic.com/game/playstation/gundam-battle-assault
You Don't Know Jack: Mock 2;;Sierra Entertainment;Nov  6, 2000;82;6;6;0;0;tbd;0;0;0;0;Jellyvision;;;;;;;https://www.metacritic.com/game/playstation/you-dont-know-jack-mock-2
Crash Bash;;SCEA;Nov  6, 2000;68;12;6;5;1;8.2;33;21;11;1;Eurocom Entertainment Software;Miscellaneous, Party;1-4;E;;;;https://www.metacritic.com/game/playstation/crash-bash
Freestyle Motocross: McGrath Vs. Pastrana;;Acclaim;Nov  5, 2000;48;7;1;3;3;tbd;2;1;0;1;Z-Axis, Ltd.;;;;;;;https://www.metacritic.com/game/playstation/freestyle-motocross-mcgrath-vs-pastrana
Cool Boarders 2001;;SCEA;Oct 31, 2000;56;10;1;5;4;tbd;2;1;1;0;Idol Minds;;;;;;;https://www.metacritic.com/game/playstation/cool-boarders-2001
Knockout Kings 2001;;EA Sports;Oct 30, 2000;84;11;8;3;0;8.4;1;1;0;0;EA Sports;;;;;;;https://www.metacritic.com/game/playstation/knockout-kings-2001
NFL GameDay 2001;;SCEA;Oct 30, 2000;73;10;4;6;0;tbd;1;0;1;0;989 Sports;;;;;;;https://www.metacritic.com/game/playstation/nfl-gameday-2001
NBA ShootOut 2001;;SCEA;Oct 30, 2000;71;10;5;4;1;tbd;;;;;989 Sports;;;;;;;https://www.metacritic.com/game/playstation/nba-shootout-2001
RayCrisis: Series Termination;;Working Designs;Oct 25, 2000;67;8;3;4;1;tbd;1;0;0;1;Taito Corporation;Action, Shooter, Scrolling;1 Player;E;;;;https://www.metacritic.com/game/playstation/raycrisis-series-termination
Mega Man Legends 2;;Capcom;Oct 24, 2000;76;10;7;3;0;8.5;16;13;2;1;Capcom;Adventure, General;1 Player;E;;;;https://www.metacritic.com/game/playstation/mega-man-legends-2
Speedball 2100;;Take-Two Interactive;Oct 24, 2000;60;5;1;3;1;tbd;2;1;0;1;Bitmap Brothers;Sports, Alternative, Futuristic;1-2;E;;;;https://www.metacritic.com/game/playstation/speedball-2100
Mike Tyson Boxing;;Codemasters;Oct 23, 2000;44;7;0;2;5;tbd;0;0;0;0;Codemasters;;;;;;;https://www.metacritic.com/game/playstation/mike-tyson-boxing
Spyro: Year of the Dragon;;SCEA;Oct 23, 2000;91;15;14;1;0;8.9;68;65;2;1;Insomniac Games;Action, Platformer, 3D;1 Player;E;;;;https://www.metacritic.com/game/playstation/spyro-year-of-the-dragon
Medal of Honor Underground;;Electronic Arts;Oct 23, 2000;86;16;16;0;0;8.9;7;7;0;0;Dreamworks Interactive;Action, Shooter, First-Person, Historic;1-2;T;;;;https://www.metacritic.com/game/playstation/medal-of-honor-underground
Galaga: Destination Earth;;Hasbro Interactive;Oct 22, 2000;;;;;;8.0;7;5;1;1;Hasbro Interactive;Action, Shooter, Static;1 Player;E;;;;https://www.metacritic.com/game/playstation/galaga-destination-earth
Dragon Valor;;Namco;Oct 16, 2000;57;9;1;5;3;8.3;2;2;0;0;Namco;Role-Playing, Action RPG;1 Player;T;;;;https://www.metacritic.com/game/playstation/dragon-valor
NBA Live 2001;;EA Sports;Oct 16, 2000;86;10;9;1;0;7.7;0;0;0;0;EA Sports;Sports, Traditional, Basketball, Sim;1-8;E;;;;https://www.metacritic.com/game/playstation/nba-live-2001
Alien Resurrection;;Fox Interactive;Oct 10, 2000;61;12;3;8;1;7.7;7;7;0;0;Argonaut Games;Action, Shooter, First-Person, Sci-Fi;1 Player;M;;;;https://www.metacritic.com/game/playstation/alien-resurrection
Rollcage Stage II;;Midway;Oct 10, 2000;85;7;6;1;0;8.9;6;5;1;0;Attention To Detail;;;;;;;https://www.metacritic.com/game/playstation/rollcage-stage-ii
Frogger 2: Swampy's Revenge;;Hasbro Interactive;Oct 10, 2000;77;4;3;1;0;8.2;3;3;0;0;Blitz Games;Action, General;1-4;E;;;;https://www.metacritic.com/game/playstation/frogger-2-swampys-revenge
Jarrett & Labonte Stock Car Racing;;Codemasters;Oct  3, 2000;80;8;6;2;0;7.7;1;1;0;0;Codemasters;;;;;;;https://www.metacritic.com/game/playstation/jarrett-labonte-stock-car-racing
MTV Sports: Pure Ride;;THQ;Sep 30, 2000;70;9;4;5;0;tbd;0;0;0;0;Radical Entertainment;;;;;;;https://www.metacritic.com/game/playstation/mtv-sports-pure-ride
F1 Championship Season 2000;;EA Sports;Sep 30, 2000;66;8;3;5;0;tbd;0;0;0;0;Visual Sciences;;;;;;;https://www.metacritic.com/game/playstation/f1-championship-season-2000
Dino Crisis 2;;Capcom;Sep 29, 2000;86;13;12;1;0;9.0;26;26;0;0;Capcom;Action Adventure, Sci-Fi;1 Player;M;Shu Takumi;;;https://www.metacritic.com/game/playstation/dino-crisis-2
Jeopardy! 2nd Edition;;Hasbro Interactive;Sep 28, 2000;;;;;;tbd;;;;;;;;;;;;https://www.metacritic.com/game/playstation/jeopardy!-2nd-edition
Dave Mirra Freestyle BMX;;Acclaim;Sep 26, 2000;82;14;12;2;0;7.6;2;1;1;0;Z-Axis, Ltd.;Sports, Alternative, Biking;1-2;E;;;;https://www.metacritic.com/game/playstation/dave-mirra-freestyle-bmx
Army Men: Air Attack 2;;3DO;Sep 26, 2000;74;8;5;3;0;6.3;1;0;0;1;3DO;Action, General;1-2;T;;;;https://www.metacritic.com/game/playstation/army-men-air-attack-2
Destruction Derby Raw;;Midway;Sep 26, 2000;69;9;5;3;1;6.7;4;2;2;0;Studio 33;;;;;;;https://www.metacritic.com/game/playstation/destruction-derby-raw
NHL 2001;;EA Sports;Sep 26, 2000;88;10;10;0;0;8.0;4;4;0;0;Page 44 Studios;;;;;;;https://www.metacritic.com/game/playstation/nhl-2001
Buzz Lightyear of Star Command;;Activision;Sep 26, 2000;54;10;0;7;3;5.6;4;0;3;1;Traveller's Tales;;;;;;;https://www.metacritic.com/game/playstation/buzz-lightyear-of-star-command
Vampire Hunter D;;Jaleco Entertainment;Sep 25, 2000;;;;;;8.2;2;1;1;0;Jaleco Entertainment;Action Adventure, Horror;1 Player;M;;;;https://www.metacritic.com/game/playstation/vampire-hunter-d
Breakout;;Hasbro Interactive;Sep 22, 2000;;;;;;tbd;0;0;0;0;Supersonic Software;Action, General;1-4;E;;;;https://www.metacritic.com/game/playstation/breakout
Tony Hawk's Pro Skater 2;;Activision;Sep 20, 2000;98;19;19;0;0;7.4;51;38;8;5;Neversoft Entertainment;Sports, Alternative, Skateboarding;1-2;T;;;;https://www.metacritic.com/game/playstation/tony-hawks-pro-skater-2
Army Men: World War - Land, Sea, Air;;3DO;Sep 20, 2000;35;5;0;2;3;tbd;0;0;0;0;3DO;Action, General;1-2;T;;;;https://www.metacritic.com/game/playstation/army-men-world-war---land-sea-air
Duke Nukem: Land of the Babes;;GT Interactive;Sep 19, 2000;37;7;0;4;3;6.8;6;6;0;0;n-Space;Action, Shooter, Third-Person, Sci-Fi;1-2;M;;;;https://www.metacritic.com/game/playstation/duke-nukem-land-of-the-babes
RPG Maker;;Agetec Inc.;Sep 19, 2000;66;11;6;4;1;8.4;6;5;0;1;Kuusou Kagaku;Role-Playing, Console-style RPG;1 Player;E;;;;https://www.metacritic.com/game/playstation/rpg-maker
NASCAR 2001;;EA Sports;Sep 19, 2000;73;8;5;3;0;6.1;7;4;0;3;Black Box;;;;;;;https://www.metacritic.com/game/playstation/nascar-2001
ESPN MLS GameNight;;Konami;Sep 19, 2000;70;5;2;2;1;tbd;1;1;0;0;Saffire;;;;;;;https://www.metacritic.com/game/playstation/espn-mls-gamenight
Bomberman Party Edition;;Vatical Entertainment;Sep 19, 2000;79;6;5;1;0;8.0;3;3;0;0;Metro;Strategy, General;1-5;E;;;;https://www.metacritic.com/game/playstation/bomberman-party-edition
NFL Blitz 2001;;Midway;Sep 14, 2000;70;6;3;3;0;tbd;0;0;0;0;Midway;;;;;;;https://www.metacritic.com/game/playstation/nfl-blitz-2001
MTV Sports: Skateboarding featuring Andy Macdonald;;THQ;Sep 12, 2000;40;8;1;2;5;tbd;1;0;0;1;Darkblack;;;;;;;https://www.metacritic.com/game/playstation/mtv-sports-skateboarding-featuring-andy-macdonald
World Destruction League: Thunder Tanks;;3DO;Sep  9, 2000;35;4;0;1;3;1.2;2;0;0;2;3DO;;;;Rob Zdybel;;;https://www.metacritic.com/game/playstation/world-destruction-league-thunder-tanks
Danger Girl;;THQ;Sep  6, 2000;43;10;0;5;5;5.5;2;1;0;1;n-Space;Action, Shooter, Third-Person, Modern;1 Player;T;;;;https://www.metacritic.com/game/playstation/danger-girl
Animorphs: Shattered Reality;;Infogrames;Sep  6, 2000;27;4;0;1;3;tbd;;;;;SingleTrac;Action, General;1 Player;E;;;;https://www.metacritic.com/game/playstation/animorphs-shattered-reality
NHL FaceOff 2001;;SCEA;Sep  5, 2000;78;11;7;4;0;tbd;0;0;0;0;SolWorks;;;;;;;https://www.metacritic.com/game/playstation/nhl-faceoff-2001
Hogs of War;;Infogrames;Sep  5, 2000;62;10;4;4;2;8.8;10;8;1;1;Infogrames Sheffield;;;;;;;https://www.metacritic.com/game/playstation/hogs-of-war
Spider-Man;;Activision;Aug 30, 2000;87;19;17;2;0;8.9;19;19;0;0;Neversoft Entertainment;Action Adventure, Sci-Fi;1 Player;E;;;;https://www.metacritic.com/game/playstation/spider-man
Resident Evil: Survivor;;Capcom;Aug 30, 2000;39;10;2;2;6;6.4;11;5;5;1;Capcom;Action Adventure, Horror;1 Player;M;Hiroyuki Kai;;;https://www.metacritic.com/game/playstation/resident-evil-survivor
Valkyrie Profile;;Enix Corporation;Aug 29, 2000;81;8;6;2;0;8.8;13;12;1;0;Tri-Ace;Role-Playing, Console-style RPG;1 Player;T;Yoshiharu Gotanda;;;https://www.metacritic.com/game/playstation/valkyrie-profile
Disney's Dinosaur;;Ubisoft;Aug 29, 2000;44;5;0;2;3;tbd;1;1;0;0;Disney Interactive;;;;;;;https://www.metacritic.com/game/playstation/disneys-dinosaur
Polaris SnoCross;;Vatical Entertainment;Aug 29, 2000;57;6;1;4;1;tbd;;;;;Vicarious Visions;Driving, Racing, Snow / Water;1-2;E;;;;https://www.metacritic.com/game/playstation/polaris-snocross
ATV: Quad Power Racing;;Acclaim;Aug 23, 2000;42;9;0;3;6;tbd;1;0;0;1;Climax Group;Driving, Racing, Rally / Offroad;1-2;E;;;;https://www.metacritic.com/game/playstation/atv-quad-power-racing
Madden NFL 2001;;EA Sports;Aug 22, 2000;90;14;13;1;0;6.8;0;0;0;0;EA Sports;;;;;;;https://www.metacritic.com/game/playstation/madden-nfl-2001
SnoCross Championship Racing;;Crave;Aug 22, 2000;66;8;4;3;1;tbd;1;1;0;0;UDS;;;;;;;https://www.metacritic.com/game/playstation/snocross-championship-racing
Countdown Vampires;;Bandai;Aug 21, 2000;41;6;1;2;3;5.8;0;0;0;0;K2 LLC;Action Adventure, Horror;1 Player;M;Satoki Mizuhara;;;https://www.metacritic.com/game/playstation/countdown-vampires
NCAA GameBreaker 2001;;SCEA;Aug 21, 2000;69;9;3;6;0;tbd;;;;;989 Sports;;;;;;;https://www.metacritic.com/game/playstation/ncaa-gamebreaker-2001
ECW Anarchy Rulz;;Acclaim;Aug 18, 2000;43;7;0;3;4;6.3;0;0;0;0;Acclaim;;;;;;;https://www.metacritic.com/game/playstation/ecw-anarchy-rulz
RC Revenge;;Acclaim;Aug 16, 2000;72;8;5;2;1;tbd;;;;;Acclaim;;;;;;;https://www.metacritic.com/game/playstation/rc-revenge
Chrono Cross;;Square EA;Aug 15, 2000;94;16;16;0;0;8.8;98;78;9;11;SquareSoft;Role-Playing, Console-style RPG;1 Player;T;Masato Kato;;;https://www.metacritic.com/game/playstation/chrono-cross
Tenchu 2: Birth of the Stealth Assassins;;Activision;Aug  7, 2000;77;14;6;8;0;8.7;9;8;1;0;Acquire;Action Adventure, Fantasy;1 Player;M;Takuma Endo;;;https://www.metacritic.com/game/playstation/tenchu-2-birth-of-the-stealth-assassins
Surf Riders;;Ubisoft;Aug  1, 2000;64;6;1;4;1;tbd;;;;;ACOT;;;;;;;https://www.metacritic.com/game/playstation/surf-riders
Sydney 2000;;Eidos Interactive;Jul 31, 2000;57;10;2;6;2;tbd;1;0;0;1;Attention To Detail;Sports, Olympic Sports;1-2;E;;;;https://www.metacritic.com/game/playstation/sydney-2000
Strider 2;;Capcom;Jul 29, 2000;69;15;6;8;1;8.3;3;3;0;0;Capcom;Action, Platformer, 2D;1 Player;E;;;;https://www.metacritic.com/game/playstation/strider-2
Ball Breakers;;Take-Two Interactive;Jul 26, 2000;68;10;6;4;0;5.3;1;0;1;0;Lost Toys;Action, General;1-2;E;;;;https://www.metacritic.com/game/playstation/ball-breakers
Pro Pinball: Big Race USA;;Empire Interactive;Jul 26, 2000;69;4;1;2;1;tbd;0;0;0;0;Cunning Developments;Miscellaneous, Parlor, Pinball;1-4;E;;;;https://www.metacritic.com/game/playstation/pro-pinball-big-race-usa
Jeremy McGrath Supercross 2000;;Acclaim;Jul 14, 2000;43;11;0;4;7;tbd;;;;;Acclaim;;;;;;;https://www.metacritic.com/game/playstation/jeremy-mcgrath-supercross-2000
Action Bass;;Take-Two Interactive;Jul 14, 2000;51;8;0;7;1;tbd;;;;;Vingt-et-un Systems;Sports, Nature, Fishing;1 Player;E;;;;https://www.metacritic.com/game/playstation/action-bass
Pro Pinball: Fantastic Journey;;Take-Two Interactive;Jul 14, 2000;60;4;1;2;1;8.0;1;1;0;0;Empire Interactive;;;;;;;https://www.metacritic.com/game/playstation/pro-pinball-fantastic-journey
X-Men: Mutant Academy;;Activision;Jul 11, 2000;75;18;7;11;0;7.7;5;4;0;1;Paradox Development;Action, Fighting, 3D;1-2;T;;;;https://www.metacritic.com/game/playstation/x-men-mutant-academy
Mortal Kombat: Special Forces;;Midway;Jun 30, 2000;28;7;0;1;6;2.5;5;1;0;4;Midway;Action, Beat-'Em-Up;1 Player;M;;;;https://www.metacritic.com/game/playstation/mortal-kombat-special-forces
Star Trek: Invasion;;Activision;Jun 29, 2000;76;12;7;5;0;7.5;2;2;0;0;Warthog;Simulation, Sci-Fi, Small Spaceship;1-2;E;;;;https://www.metacritic.com/game/playstation/star-trek-invasion
The Legend of Dragoon;;SCEA;Jun 11, 2000;74;12;5;6;1;9.2;93;87;4;2;SCEI;Role-Playing, Console-style RPG;1 Player;T;Yasuyuki Hasebe;;;https://www.metacritic.com/game/playstation/the-legend-of-dragoon
ISS Pro Evolution;;Konami;Jun  6, 2000;94;4;4;0;0;8.1;10;10;0;0;KCET;Sports, Traditional, Soccer, Sim;1-4;E;;;;https://www.metacritic.com/game/playstation/iss-pro-evolution
Runabout 2;;Hot-B;May 19, 2000;49;5;0;3;2;tbd;1;0;1;0;Climax Entertainment;Driving, Mission-based;1 Player;T;;;;https://www.metacritic.com/game/playstation/runabout-2
Vagrant Story;;Square EA;May 15, 2000;92;19;19;0;0;9.0;46;41;1;4;SquareSoft;Role-Playing, Action RPG;1 Player;T;;;;https://www.metacritic.com/game/playstation/vagrant-story
Vanguard Bandits;;Working Designs;Apr 29, 2000;62;5;0;5;0;8.5;4;4;0;0;S-Neo;Strategy, Turn-Based, Fantasy;1 Player;T;;;;https://www.metacritic.com/game/playstation/vanguard-bandits
Roadsters;;Titus Software;Mar 21, 2000;;;;;;tbd;0;0;0;0;;;;;;;;https://www.metacritic.com/game/playstation/roadsters
Army Men: World War;;3DO;Feb 29, 2000;50;8;2;2;4;7.0;3;2;0;1;3DO;Action, General;1-2;T;Keith Bullen;;;https://www.metacritic.com/game/playstation/army-men-world-war
Need for Speed: Porsche Unleashed;;Electronic Arts;Feb 29, 2000;78;13;8;3;2;8.2;4;1;2;1;Eden Studios;Driving, Racing, Arcade;1-2;E;;;;https://www.metacritic.com/game/playstation/need-for-speed-porsche-unleashed
Parasite Eve II;;Square EA;Jan 12, 2000;79;14;10;4;0;9.0;17;16;1;0;SquareSoft;Role-Playing, Action RPG;1 Player;M;Kenichi Iwao;;;https://www.metacritic.com/game/playstation/parasite-eve-ii
Silhouette Mirage;;Working Designs;Dec 31, 1999;69;8;5;1;2;7.2;2;1;0;1;Treasure;Action, General;1 Player;E;Masaki Ukyo;;;https://www.metacritic.com/game/playstation/silhouette-mirage
Gran Turismo 2;;SCEA;Nov 30, 1999;93;23;22;1;0;9.0;32;28;2;2;Polyphony Digital;Driving, Racing, GT / Street;1-2;T;;;;https://www.metacritic.com/game/playstation/gran-turismo-2
Toy Story 2: Buzz Lightyear to the Rescue!;;Activision;Nov 30, 1999;75;11;5;6;0;8.1;11;5;5;1;Traveller's Tales;Action, General;1 Player;E;;;;https://www.metacritic.com/game/playstation/toy-story-2-buzz-lightyear-to-the-rescue!
Clock Tower II: The Struggle Within;;Agetec Inc.;Oct 31, 1999;49;5;1;2;2;5.6;3;1;0;2;Human Entertainment;Action Adventure, Horror;1 Player;M;;;;https://www.metacritic.com/game/playstation/clock-tower-ii-the-struggle-within
Medal of Honor;;Electronic Arts;Oct 31, 1999;92;17;16;1;0;8.7;20;17;1;2;Dreamworks Interactive;Action, Shooter, First-Person, Historic;1-2;T;;;;https://www.metacritic.com/game/playstation/medal-of-honor
Grand Theft Auto 2;;Rockstar Games;Oct 25, 1999;70;15;6;8;1;8.0;10;5;3;2;DMA Design;Action Adventure, Modern;1 Player;T;;;;https://www.metacritic.com/game/playstation/grand-theft-auto-2
Crash Team Racing;;SCEA;Sep 30, 1999;88;20;20;0;0;8.9;68;62;5;1;Naughty Dog;Driving, Racing, Kart;1-4;E;;;;https://www.metacritic.com/game/playstation/crash-team-racing
Final Fantasy Anthology;;Square EA;Sep 30, 1999;80;14;12;2;0;8.4;6;6;0;0;SquareSoft;Role-Playing, Console-style RPG;1-2;T;Hironobu Sakaguchi;;;https://www.metacritic.com/game/playstation/final-fantasy-anthology
Grandia;;SCEA;Sep 30, 1999;89;14;14;0;0;7.2;23;20;2;1;Game Arts;Role-Playing, Console-style RPG;1 Player;E;Hidenobu Takahashi;;Noriyuki Iwadare;https://www.metacritic.com/game/playstation/grandia
Final Fantasy VIII;;Square EA;Sep  7, 1999;90;24;22;1;1;8.9;151;127;15;9;SquareSoft;Role-Playing, Console-style RPG;1 Player;T;Yoshinori Kitase;;;https://www.metacritic.com/game/playstation/final-fantasy-viii
Suikoden II;;Konami;Aug 31, 1999;82;8;7;1;0;9.2;36;36;0;0;Konami;Role-Playing, Console-style RPG;1 Player;T;;;;https://www.metacritic.com/game/playstation/suikoden-ii
Tony Hawk's Pro Skater;;Activision;Aug 31, 1999;92;18;18;0;0;8.9;9;6;3;0;Neversoft Entertainment;Sports, Alternative, Skateboarding;1-2;T;;;;https://www.metacritic.com/game/playstation/tony-hawks-pro-skater
Wipeout 3;;SCEE;Aug 31, 1999;89;14;13;1;0;8.6;6;5;0;1;Psygnosis;Driving, Racing, Futuristic;1-2;E;;;;https://www.metacritic.com/game/playstation/wipeout-3
Legacy of Kain: Soul Reaver;;Eidos Interactive;Aug 16, 1999;91;17;16;1;0;9.0;25;24;1;0;Crystal Dynamics;Action Adventure, Horror;1 Player;T;Amy Hennig;;;https://www.metacritic.com/game/playstation/legacy-of-kain-soul-reaver
Driver;;GT Interactive;Jun 30, 1999;87;22;21;1;0;8.0;22;19;2;1;Reflections Interactive;Driving, Mission-based;1 Player;T;;;;https://www.metacritic.com/game/playstation/driver
Ape Escape;;SCEA;May 31, 1999;90;19;19;0;0;8.7;14;13;1;0;SCEI;Action, Platformer, 3D;1 Player;E;Masamichi Seki;;;https://www.metacritic.com/game/playstation/ape-escape
Star Ocean: The Second Story;;Enix Corporation;May 31, 1999;80;13;12;0;1;8.5;10;7;3;0;Tri-Ace;Role-Playing, Console-style RPG;1 Player;E;;;;https://www.metacritic.com/game/playstation/star-ocean-the-second-story
Lunar: Silver Star Story Complete;;Working Designs;May 28, 1999;78;15;12;3;0;8.8;15;15;0;0;Game Arts;Role-Playing, Console-style RPG;1 Player;T;Victor Ireland;;;https://www.metacritic.com/game/playstation/lunar-silver-star-story-complete
R4: Ridge Racer Type 4;;Namco;May  1, 1999;88;18;18;0;0;8.6;7;7;0;0;Namco;;1-2;;;;;https://www.metacritic.com/game/playstation/r4-ridge-racer-type-4
Street Fighter Alpha 3;;Capcom;Apr 30, 1999;93;12;12;0;0;8.6;16;15;0;1;Capcom;Action, Fighting, 2D;1-2;T;;;;https://www.metacritic.com/game/playstation/street-fighter-alpha-3
Bust A Groove 2;;Enix Corporation;Mar 31, 1999;66;8;2;6;0;8.8;21;21;0;0;Metro;Miscellaneous, Rhythm, Music;1-4;E;Takeshi Kanai;;;https://www.metacritic.com/game/playstation/bust-a-groove-2
Need for Speed: High Stakes;;Electronic Arts;Mar  1, 1999;86;14;12;2;0;8.6;3;2;0;1;EA Canada;Driving, Racing, Arcade;1-2;E;;;;https://www.metacritic.com/game/playstation/need-for-speed-high-stakes
Silent Hill;;Konami;Jan 31, 1999;86;17;17;0;0;9.1;72;68;4;0;KCET;Action Adventure, Horror;1 Player;M;Keiichiro Toyama;;;https://www.metacritic.com/game/playstation/silent-hill
Syphon Filter;;989 Studios;Jan 31, 1999;90;19;17;2;0;8.7;11;10;1;0;Eidetic;Action, Shooter, Third-Person, Modern;1 Player;T;;;;https://www.metacritic.com/game/playstation/syphon-filter
Tomb Raider III;;Eidos Interactive;Nov 21, 1998;76;14;10;4;0;8.0;11;6;4;1;Core Design Ltd.;Action Adventure, Modern;1 Player;T;;;;https://www.metacritic.com/game/playstation/tomb-raider-iii
Brave Fencer Musashi;;Square EA;Oct 31, 1998;81;12;10;2;0;8.3;6;6;0;0;SquareSoft;Role-Playing, Action RPG;1 Player;E;Yoichi Yoshimoto;;;https://www.metacritic.com/game/playstation/brave-fencer-musashi
Crash Bandicoot 3: Warped;;SCEA;Oct 31, 1998;91;12;12;0;0;9.0;107;101;4;2;Naughty Dog;Action, Platformer, 3D;1 Player;E;;;;https://www.metacritic.com/game/playstation/crash-bandicoot-3-warped
Oddworld: Abe's Exoddus;;GT Interactive;Oct 31, 1998;88;13;12;1;0;8.9;10;10;0;0;Oddworld Inhabitants;Action, Platformer, 2D;1-2;T;;;;https://www.metacritic.com/game/playstation/oddworld-abes-exoddus
Metal Gear Solid;;Konami;Oct 21, 1998;94;20;19;1;0;9.2;193;187;5;1;KCEJ;Action Adventure, Modern;1 Player;M;;Hideo Kojima, Hideo Kojima, Hideo Kojima, Tomokazu Fukushima;;https://www.metacritic.com/game/playstation/metal-gear-solid
Xenogears;;Square EA;Oct 20, 1998;84;15;14;1;0;9.2;64;59;3;2;SquareSoft;Role-Playing, Console-style RPG;1 Player;T;;;;https://www.metacritic.com/game/playstation/xenogears
Parasite Eve;;Square EA;Sep  9, 1998;81;17;14;3;0;9.0;29;27;2;0;SquareSoft;Role-Playing, General;1 Player;M;;;;https://www.metacritic.com/game/playstation/parasite-eve
Tenchu: Stealth Assassins;;Activision;Aug 31, 1998;87;14;13;1;0;8.8;10;10;0;0;Acquire;Action Adventure, Fantasy;1 Player;M;Takuma Endo;;;https://www.metacritic.com/game/playstation/tenchu-stealth-assassins
Thunder Force V;;Working Designs;Aug 31, 1998;70;9;4;5;0;6.4;3;3;0;0;TechnoSoft;Action, General;1 Player;E;;;;https://www.metacritic.com/game/playstation/thunder-force-v
Elemental Gearbolt;;Working Designs;Jun 30, 1998;76;11;8;3;0;tbd;2;2;0;0;Alfa System;Action, Shooter, Light Gun;1-2;T;;;;https://www.metacritic.com/game/playstation/elemental-gearbolt
Einhander;;SCEA;May  5, 1998;89;14;14;0;0;8.6;11;9;2;0;SquareSoft;Action, Shooter, Scrolling;1 Player;E;Tatsuo Fujii;;;https://www.metacritic.com/game/playstation/einhander
Gran Turismo;;SCEA;Apr 30, 1998;96;16;16;0;0;8.6;19;17;1;1;Polyphony Digital;Driving, Racing, GT / Street;1-2;E;;;;https://www.metacritic.com/game/playstation/gran-turismo
Tekken 3;;Namco;Apr 29, 1998;96;15;15;0;0;9.1;45;43;1;1;Namco;Action, Fighting, 3D;1-2;T;;;;https://www.metacritic.com/game/playstation/tekken-3
Dead or Alive;;Tecmo;Mar 31, 1998;84;10;9;1;0;8.2;1;1;0;0;Team Ninja;Action, Fighting, 3D;1-2;T;;;;https://www.metacritic.com/game/playstation/dead-or-alive
Final Fantasy Tactics;;SCEA;Jan 28, 1998;83;12;10;2;0;9.2;41;39;0;2;SquareSoft;Strategy, Turn-Based, Fantasy;1 Player;T;;;;https://www.metacritic.com/game/playstation/final-fantasy-tactics
Resident Evil 2;;Capcom;Jan 21, 1998;89;13;12;1;0;9.2;77;73;3;1;Capcom;Action Adventure, Horror;1 Player;M;Hideki Kamiya;;;https://www.metacritic.com/game/playstation/resident-evil-2
Alundra;;Working Designs;Dec 31, 1997;86;9;8;1;0;8.9;13;12;1;0;Matrix Software;Role-Playing, Action RPG;1 Player;T;Yasuhiro Ohori;;;https://www.metacritic.com/game/playstation/alundra
Monster Rancher;;Tecmo;Nov 30, 1997;86;5;5;0;0;8.4;5;5;0;0;Tecmo;;1-2;;;;;https://www.metacritic.com/game/playstation/monster-rancher
Colony Wars;;Psygnosis;Oct 31, 1997;91;12;11;1;0;8.1;2;2;0;0;Psygnosis;Simulation, Sci-Fi, Small Spaceship;1 Player;E;;;;https://www.metacritic.com/game/playstation/colony-wars
PaRappa the Rapper;;SCEA;Oct 31, 1997;92;15;15;0;0;7.5;19;13;1;5;NanaOn-Sha;Miscellaneous, Rhythm, Music;1 Player;K-A;;;;https://www.metacritic.com/game/playstation/parappa-the-rapper
Castlevania: Symphony of the Night;;Konami;Oct  2, 1997;93;12;12;0;0;9.2;101;97;4;0;Konami;Action, Platformer, 2D;1 Player;T;Toru Hagihara;;;https://www.metacritic.com/game/playstation/castlevania-symphony-of-the-night
Bushido Blade;;SCEA;Sep 30, 1997;83;13;11;2;0;8.2;2;2;0;0;Light Weight;Action, Fighting, 3D;1-2;T;;;;https://www.metacritic.com/game/playstation/bushido-blade
Final Fantasy VII;;SCEA;Sep  3, 1997;92;20;20;0;0;9.2;388;343;31;14;SquareSoft;Role-Playing, Console-style RPG;1 Player;T;;;;https://www.metacritic.com/game/playstation/final-fantasy-vii
Oddworld: Abe's Oddysee;;GT Interactive;Aug 31, 1997;85;10;9;1;0;8.9;24;20;3;1;Oddworld Inhabitants;Action, Platformer, 2D;1-2;T;;;;https://www.metacritic.com/game/playstation/oddworld-abes-oddysee
Ace Combat 2;;Namco;Jul 31, 1997;83;10;7;3;0;8.5;10;8;1;1;Namco;Simulation, Flight, Modern Jet;1 Player;T;;;;https://www.metacritic.com/game/playstation/ace-combat-2
Need for Speed II;;Electronic Arts;Mar 31, 1997;71;5;2;3;0;6.9;1;0;1;0;EA Canada;;1-2;;;;;https://www.metacritic.com/game/playstation/need-for-speed-ii
RayStorm;;Working Designs;Dec 31, 1996;79;7;7;0;0;7.8;3;2;1;0;Taito Corporation;Action, General;1-2;E;;;;https://www.metacritic.com/game/playstation/raystorm
Super Puzzle Fighter II Turbo;;Capcom;Nov 30, 1996;83;9;8;1;0;7.9;1;1;0;0;Capcom;Miscellaneous, Puzzle, Matching;1-2;E;;;;https://www.metacritic.com/game/playstation/super-puzzle-fighter-ii-turbo
Tomb Raider;;Eidos Interactive;Nov 15, 1996;91;13;13;0;0;8.4;34;29;4;1;Core Design Ltd.;Action Adventure, Modern;1 Player;T;;;;https://www.metacritic.com/game/playstation/tomb-raider
Wipeout XL;;SCEE;Sep 30, 1996;93;8;8;0;0;8.3;6;4;1;1;Psygnosis;;1-2;;;;;https://www.metacritic.com/game/playstation/wipeout-xl
Tekken 2;;Namco;Aug 25, 1996;89;8;8;0;0;8.6;16;15;1;0;Namco;Action, Fighting, 3D;1-2;T;;;;https://www.metacritic.com/game/playstation/tekken-2
Resident Evil;;Capcom;Mar 30, 1996;91;8;8;0;0;9.0;59;51;6;2;Capcom;Action Adventure, Horror;1 Player;M;Mikami Shinji;;;https://www.metacritic.com/game/playstation/resident-evil
Battle Arena Toshinden;;SCEA;Sep  9, 1995;69;4;1;3;0;5.8;2;1;0;1;Tamsoft;Action, Fighting, 3D;1-2;T;;;;https://www.metacritic.com/game/playstation/battle-arena-toshinden
